<?xml version="1.0" encoding="UTF-8"?>
<project xmlns="http://www.netbeans.org/ns/project/1">
    <type>com.microchip.mplab.nbide.embedded.makeproject</type>
    <configuration>
        <data xmlns="http://www.netbeans.org/ns/make-project/1">
            <name>ELEC3042_Minor_Extension</name>
            <name>ELEC3042_Minor_brightness</name>
            <name>ELEC3042_Minor_7_segment_state_machine_withPauseagain</name>
            <name>ELEC3042_Minor_7_segment_state_machine_withPause</name>
            <name>ELEC3042_Minor_7_segment_state_machines</name>
            <name>ELEC3042_Minor_7_segment_timerworks</name>
            <name>ELEC3042_Minor_7_segment_ONLY2</name>
            <name>ELEC3042_Minor_7_segment_ONLY</name>
            <name>ELEC3042_lab4_Part1(4digits)</name>
            <name>ELEC3042_lab4_Part1</name>
            <name>ELEC3042_lab3_Part3</name>
            <name>ELEC3042_lab3_Part2</name>
            <name>ELEC3042_lab3_Part1</name>
            <name>ELEC3042_lab2_Part3</name>
            <name>ELEC3042_lab2_Part2</name>
            <name>ELEC3042_lab2_Part1</name>
            <name>ELEC3042_lab1_Part4</name>
            <name>ELEC3042_lab1_Part3</name>
            <name>ELEC3042_lab1_Part2</name>
            <name>ELEC3042_lab1_blink</name>
            <creation-uuid>12c31a84-0bd8-491b-8cea-46d891d87610</creation-uuid>
            <make-project-type>0</make-project-type>
            <sourceEncoding>ISO-8859-1</sourceEncoding>
            <make-dep-projects/>
            <sourceRootList/>
            <confList>
                <confElem>
                    <name>default</name>
                    <type>2</type>
                </confElem>
            </confList>
            <formatting>
                <project-formatting-style>false</project-formatting-style>
            </formatting>
        </data>
    </configuration>
</project>
